-1.159528587245483309e-03,-2.590691787169938608e-03,-9.979301266568878399e-04,-2.264029959731131674e-03,-1.827803422655840905e-03,-4.151622804249434188e-03,-4.141697052260956180e-05,-3.995400878499277310e-03,1.901120400310016972e-03,-3.533319811893286151e-03,-2.942872343454116732e-03,1.068920115067446483e-02,-6.873109282173782896e-04,4.683075869847993090e-04,-8.661431185512840150e-04,-2.988968041650426431e-03,-4.480392350135243857e-04,-2.332042142473980846e-03,2.226903828710727611e-04,-1.078115479368108292e-03,-3.760354909606707053e-04,-1.544156781722993933e-03,-8.530751337698289950e-04,-1.445107552627593588e-03,-3.205596783800488715e-03,7.275067603124481155e-05
1.703761101191381133e-01,-6.125585543773923725e-01,-8.972639227273383755e-02,3.581926683317096516e-01,1.463015121412121998e-02,-1.772937784592009541e-02,2.528126734649443486e-01,-4.134910517926044804e-01,-3.008881885905345666e-01,-6.135935288611457650e-02,-3.298911596973105875e-01,3.752314752844357892e-01,-1.889351045427787035e-01,-1.632638906544478519e-01,1.478352296061272997e-01,-7.442529298134018534e-01,1.327117593295066567e-01,-4.870736784821287357e-01,5.802600614799226925e-02,8.778805710143916530e-02,-2.235943330143744801e-01,-7.647145795105965149e-01,-9.927509525996891515e-01,-2.799690297500860292e-01,-1.152595393321641515e+00,-3.455968442084611514e-01
3.471589873658947334e-01,-7.063019148370887068e-01,3.021430369219127443e-01,3.456833358346645402e-01,1.701572231222144016e-01,5.180949659702426273e-06,2.612483810754099300e-01,-5.002774074621824107e-01,8.382717228218361516e-01,-3.335260265166967719e-01,-5.661567681785792949e-01,-2.705249672401549565e-01,-1.801265777722599326e-01,-2.653035642736956690e-01,5.293833063504865821e-01,-7.113581740736057979e-01,3.776631715059717287e-01,-4.143101395809292709e-01,-3.210536115829653037e-01,-2.402772089815897322e-02,-4.734247446393854974e-01,-8.289924616126268520e-01,-1.388421000123121862e+00,3.714560399562437387e-02,-1.217035108914399588e+00,-4.043471582943327647e-01
1.249479069251751978e-01,-3.976581620624825009e-01,1.416140115132321631e-01,4.507376816870660718e-01,8.885604868188812233e-02,2.550436895694641048e-01,-1.139700141817497209e-01,-4.495237097425904826e-01,4.132256554436790075e-01,-6.142077839767492997e-02,-4.723167039710613468e-01,-1.696085874431951246e-01,-1.272161644942896852e-01,-7.392317579336873945e-02,3.516422016688586782e-01,-4.840089901371206205e-01,-3.315815085161899489e-02,-3.576369205724885258e-01,-3.776541425773066729e-01,-1.179112863140872269e+00,-3.112557756035229106e-01,-5.876781952917964347e-01,-9.196018865018367183e-01,2.750892281701625697e-01,-6.367685142529175835e-01,1.565487674037858712e-01
5.152737027634143319e-01,6.344350057168368640e-02,-1.691574530648854713e-01,7.902934831880523703e-01,-1.443125667895815145e-01,-1.463456083494424353e+00,-8.425617537803442580e-01,5.696007585077448622e-03,-4.056994211745866830e-01,2.544273192692644847e-01,-6.760444518550938475e-02,-1.452186190974830704e-01,-5.454148717367754418e-02,1.046170948698737918e-01,3.888087031378561348e-02,2.145073742869409855e-02,-7.978418666786485369e-01,1.181177158090252477e-01,-2.344427214994257436e-01,1.052578291172031472e-01,1.600120267006106267e-01,-3.377691397146631025e-01,-3.752819083068039685e-01,1.798366643256717468e-01,2.781513125789287222e-01,1.617690413487841150e-01
7.730838640828501251e-01,1.146859592350079060e-01,-6.294093646286363919e-01,5.259593389466565849e-01,-6.726188169205329359e-01,8.466989570583806357e-02,-7.852704461428502425e-01,-3.662220318497818455e-02,-3.131824812773813527e-01,2.857798381433576118e-01,-5.583505628800543991e-02,-3.389963582058354019e-01,-2.537867054087744600e-02,2.951933097550397678e-01,-5.111718995267821031e-01,1.382887611573879738e-01,-8.636884536962421421e-01,-1.202224588403629779e-01,-1.114844523331087883e-01,4.418603219652652951e-03,2.389018461508052860e-01,3.120278203018955147e-04,-1.503272840896613949e-01,1.308945918024483346e-01,1.482148162279961767e-01,2.592221637739814399e-01
3.165434981135710757e-01,2.446798664867649020e-01,-1.087954743595596296e+00,-5.688643183253055957e-01,-8.743639078055250868e-01,4.676572800570711896e-01,-4.762554542159429943e-02,1.714232608259036172e-01,-3.281365954376433969e-01,3.006648406748625990e-01,-6.887100987983216238e-02,-3.687314411627050648e-01,-2.052146358101808454e-01,9.906074786494117879e-02,-9.889217039712177026e-01,5.867849874189528386e-02,-8.590903006707369949e-01,-3.971866866475854962e-01,6.786793594665840867e-01,-7.216030374954908455e-02,-1.491317483221290749e-02,3.924108247832955310e-01,2.478923320218694160e-01,7.684778221830576572e-02,2.218880232937492022e-02,3.671615014476343752e-01
-5.225725800207052796e-01,2.357214003803892177e-01,-7.869228632169520399e-01,-1.155312265010749684e+00,-7.214243573341841964e-01,7.145129502577417524e-01,5.081747909269012098e-01,-7.132473173848770387e-02,-3.752812763851613997e-01,3.704025255783424120e-01,-1.482667719063766598e-01,-3.943941616372459991e-01,-4.026915068650714358e-01,-1.874197658381588361e-01,-6.867340507218419043e-01,1.832011449843896564e-02,-4.490523878241116096e-01,-8.529226846023922892e-01,6.643170771855129164e-01,-1.792825893060042142e-01,-3.607270653068347932e-01,5.125750655549250467e-01,4.535275066322601023e-01,1.780525105902145133e-01,1.026753747946017488e-02,4.951316790330803075e-01
-7.828972182961927428e-01,-2.164306535806345688e-01,-2.375634404698796776e-01,-8.019779906239538070e-01,-2.782635064807739145e-01,1.292055466543913012e+00,7.273569394962426937e-01,-3.177192720795460334e-01,-5.759501378234913593e-01,3.405556664546772749e-01,-6.162439386565922161e-01,-6.315941807030394095e-01,-5.108485906430197954e-01,-4.610753498918794269e-01,-2.729826692553962708e-01,-5.149524459836084533e-01,5.689062008382641533e-01,-1.000999617632198690e+00,5.140421622549087299e-01,-2.814374280588703425e-01,-7.103610583586922322e-01,4.344316362192686132e-01,5.663306272176844569e-01,3.187266272530784872e-01,2.120385549376785639e-01,3.716297429543459763e-01
-1.874446882962969574e-01,-5.388192015108905775e-01,4.983001918341498082e-01,-3.780826944327612682e-01,3.180535903922101504e-01,1.035139319109214640e+00,3.578529456716914026e-01,-4.292052141845530411e-01,-5.931892125306572616e-01,5.119401258982850811e-01,-7.274301796694834232e-01,-4.444929907804627822e-01,-6.430139638714383876e-01,-8.387735243273909402e-01,4.992114138725789463e-01,-6.160543159154472370e-01,7.563095340383816367e-01,-1.314130626929779444e+00,-5.696022774590434601e-01,-2.026868603501320032e-01,-5.232643755596276813e-01,4.713852282703705487e-01,7.989923506223861605e-01,3.418125222637709015e-01,5.565719142892614490e-01,-4.248338602247854201e-01
9.257924825447793049e-01,-1.007595859969112828e+00,7.843306607846933787e-01,1.113429247412022649e+00,6.517043686619921061e-01,7.142577956680200568e-01,-4.448703578942547199e-01,-5.148006190237839341e-01,-2.826281266297510641e-01,-1.218746775521437620e+00,-9.366593669270982803e-01,-4.192418508061416249e-01,-5.722728009350021017e-01,-1.125523661224729244e+00,1.082187141134690389e+00,-6.928255213714876737e-01,1.053969834140353168e+00,-1.181352336793877855e+00,-6.197555133555385787e-01,3.253026725275675046e-01,4.913670994903560629e-01,6.785627811395367193e-01,1.023953995466174494e+00,-4.369251412135310986e-01,-2.787553775195005246e-01,-4.328445776507935383e-01
6.015507708091576144e-02,-5.102031340221259148e-01,1.290612183805008584e-01,4.545093261431136789e-01,1.176045892782398572e-02,7.323474751772386659e-02,3.233123182841647902e-01,-3.272700118495611155e-01,-3.257371870942668002e-01,-1.324427585006962838e-01,-2.788480782019017168e-01,3.995409846466194681e-01,-2.863232097996251668e-01,-1.879591594285497103e-01,2.797129317356265576e-01,-6.293850462655374844e-01,1.819944237143365506e-01,-7.037360754819870223e-01,-1.858989354284330542e-01,1.365435170944619969e-01,-5.048708886719583955e-01,-1.265970228128175723e+00,3.804005477807612112e-02,-4.785279041978353631e-01,-4.578603189347886793e-01,-6.253500699598476542e-01
-1.264772044101737658e-01,-3.935005727320048940e-01,1.250383772527231541e-01,7.193249147214056949e-01,3.176886390720398690e-01,-2.452186965061942114e-01,-3.712073018736851138e-01,-9.855722452137535838e-02,9.694552687118727086e-01,8.069998200363141805e-02,-1.817141411703385445e-01,8.434142638081013055e-02,-3.866847238005574616e-01,-2.517281080208565447e-01,3.955484353083515425e-01,-2.029584210716052495e-02,-4.609266566984401292e-01,-5.582816490668112142e-01,-3.183541086553803856e-01,4.684139405010980250e-01,-7.147263668226930822e-01,-9.974115647414151242e-01,-5.851546781426183313e-02,-2.521525672170931709e-01,-9.430411457325442726e-01,-5.300404315886046991e-01
6.926029574558421054e-01,8.647423238414032876e-02,-2.352374850908572068e-01,1.004709523618961153e+00,-2.071308550673383320e-01,3.683933281254943570e-01,-4.983791793923108560e-01,1.763218225564409103e-01,7.927789744900239910e-01,4.083611780061093821e-01,-2.769678673747578632e-02,4.488361452138138197e-01,-4.570880330151657067e-01,-3.826610452517448802e-01,-1.295460150215507478e-01,8.237539545642184047e-01,-4.879344624615740700e-01,-3.775734848488956907e-01,-3.803519183233304291e-01,-4.090560172880570167e-01,-5.892568888844292863e-01,-7.505446536186923812e-01,8.774657517013922936e-03,2.379644848277024660e-01,-9.956919649932979288e-01,5.565729848965291771e-01
1.304860289336980284e+00,1.440183561605718754e-01,-5.731693208415123975e-01,7.382345249348324367e-01,-5.464121650240124639e-01,-9.778465267649354420e-01,-4.134136055912815411e-01,2.855768018597736324e-01,1.268748118490007903e-01,6.424920902862254479e-01,7.426640889543977518e-03,4.771404124720339812e-01,-7.170520135857193222e-02,-2.106701845845193044e-01,-5.329538282525283499e-01,7.301586132054097567e-01,-4.274292452798052477e-01,-2.132102847136670976e-01,-4.605484396790506807e-01,6.834938035797714084e-01,-4.397629679977704820e-01,-7.628295540375608086e-01,-1.990373755182545459e-02,6.869892594439852562e-01,-7.364645489231578246e-01,5.717582141925380279e-01
1.536531160786888561e+00,1.418591210925869706e-01,-5.137637165849362475e-01,-5.001955378270430685e-01,-7.821902727854513904e-01,1.644387746704255859e-01,-4.372509523779342100e-01,-1.603896982702550378e-01,1.537831370400118691e-01,5.876183549843575493e-01,-4.351747641827903301e-01,3.229370618775218027e-01,1.217579414600239301e-01,-3.319391173252698168e-01,-4.124899875812538808e-01,5.038838966960688115e-01,-3.335576853515695439e-01,-8.192618644977093245e-01,-4.943125860252745585e-01,4.199070692263863203e-01,-3.445310385018518495e-01,-1.027125841611164381e+00,-1.995867824584345862e-01,6.506524234508093141e-01,1.808306358594552465e-01,5.467157089089085265e-01
-8.380000200774447849e-01,-2.412574072844118900e-01,-6.952022179676969893e-01,-6.953121660898029521e-01,-3.124837509700206795e-01,2.261164956930916126e-01,-8.073402481214501103e-01,-3.750401996626371859e-01,6.342417775056878593e-02,5.528373681806612039e-01,-8.118338084089342654e-01,2.565211581214913994e-01,1.525811305120064743e-01,-1.638590109152810170e-01,-3.504970945883296718e-01,3.121895981493874594e-02,-4.079885873530426088e-01,-7.463454917925080867e-01,9.429855595407288238e-01,7.954585918278475609e-02,-1.974525801786067569e-01,-6.492894957821757629e-01,-3.631492842584595482e-01,7.794724953910667775e-01,8.211284845676155575e-01,7.767798266525722806e-01
-7.235360520526615824e-01,-3.486925320280296337e-01,-6.429372135217656936e-01,-6.657653367256912702e-01,-3.105640984250689351e-01,-4.131648283802107913e-01,-1.479476879810928125e-01,-3.185091117873260491e-01,7.941097083190389039e-02,5.870397164901303144e-01,-8.722349839790499715e-01,2.067009816881411333e-01,2.687101719814972700e-01,-1.211758184806498162e-01,-2.012417799169126387e-01,-5.677794998653560299e-01,-6.545734196983721276e-01,-5.037762683172494205e-01,9.535577585169510151e-01,1.942488496695761457e-01,-1.957591700656580724e-01,-1.446479693940224409e-01,-5.011365018012813310e-01,6.963388447126785952e-01,9.485229434460442643e-01,5.469922525975273730e-01
-3.333927654753205960e-01,-2.954483839246625498e-01,-5.643377807225863352e-01,-6.415133354131982157e-01,-4.018399370123406089e-01,-3.928950755782127380e-01,9.711318070481542719e-01,-2.458476415931544201e-01,-1.267869140516387771e-01,6.139178878191732247e-01,-8.210772477161853988e-01,4.964658198391713045e-02,3.930610203228692701e-01,-2.939480258873863883e-01,-5.238136300323478212e-01,-1.539451794859864942e+00,8.455401369383310772e-01,-4.492773166741733659e-01,9.305986423074709135e-01,2.818273819818856163e-01,-6.009393785871424143e-01,-4.943900802222525592e-02,-5.262701521170791708e-01,5.077277802178388200e-01,8.784172553400537709e-01,-3.373597922395406568e-01
-4.675521372424955024e-01,-3.073930104019904075e-01,9.490721034105978338e-02,-4.781597989296149098e-01,2.909971092540312165e-01,-2.695916174503537599e-01,5.719816279565065331e-01,-4.856105396481161240e-02,-9.481470770804968640e-02,9.549769876264275759e-01,-5.989443680916666235e-01,2.928840319369397857e-02,6.213690530431610348e-01,-3.107001748825288789e-01,9.549866649377897199e-02,-1.031106044435979863e+00,1.189933044949789132e+00,-3.973113235336295790e-01,2.608162406457312926e-02,2.590228487359346188e-01,-8.570700708480850638e-01,5.103881490903572349e-01,-2.126112066257941635e-01,-5.025597737266567222e-01,3.580578820242532045e-01,-5.545135383849041366e-01
1.388667691206915134e-01,-4.693539497108206032e-02,6.289236484677867001e-01,5.506039794005445076e-01,6.319022862619855241e-01,-4.890786500485937993e-01,-1.370750094176427458e+00,-5.580922848358873534e-01,6.866477630791693876e-02,-9.019746724981059227e-01,-5.515754950380807875e-01,7.515951397268230694e-02,6.860116280931680688e-01,-5.646682618873071213e-01,9.001617364216535355e-01,-7.753450527565974859e-01,1.876382224767236373e+00,-5.513696403179720873e-01,-3.921539868612533564e-01,5.317974612386907607e-01,-8.159883097875165747e-01,1.307232689921700608e+00,2.546316909599679115e-02,-3.583438145539857844e-01,-5.041114138756497276e-01,-6.632677776038534700e-01
-1.339288221826426817e-01,-3.806036778171466017e-01,1.553078525369589458e-01,3.857239108033612696e-01,9.897548014659419968e-02,6.470935918764362249e-01,4.482287132640705440e-02,-1.084109239604686969e-01,-3.124403231137959924e-01,7.238694145156943094e-02,-2.526806932588914756e-01,4.793580216223856660e-01,-1.233956672273581190e-01,-3.506639171436926605e-01,1.243079949128393369e-01,-9.780369731626763485e-01,-5.031039470033583233e-02,-1.192042039802597708e+00,-1.954402106595036215e-01,-5.072815710926097399e-01,-7.542342368759707982e-01,-3.088009952080119080e-01,3.424079349947148354e-01,-4.600914822434104545e-01,-9.944815627706130035e-02,-7.911385146084303210e-01
-3.628484652820675449e-01,-4.208838436911597203e-01,-5.933162005058834065e-02,8.915959991397023332e-01,-2.460746024222610073e-01,3.393863514095634693e-01,-6.605993415447752870e-01,-1.918279062510654387e-01,1.017978915329712519e+00,4.565453512579117912e-01,-3.509418453876453903e-01,4.455430410972588962e-01,-4.114308775669766050e-01,7.221938857756322883e-02,-1.455551751963814755e-01,-9.605409127877648778e-01,-4.951083820806828073e-01,-7.113043958445515180e-01,-2.614695564263707639e-01,-2.575933979188334624e-02,-4.937986521177629151e-01,1.201958234055302416e-01,8.484449504439586232e-01,-4.058617213173932314e-01,1.640525471053628781e-01,-6.060135990216390933e-01
8.742861304073564765e-01,-3.801039540226872071e-01,-6.955019675558919978e-01,8.415168202115052010e-01,-5.996001881428753011e-01,-4.411082043031020472e-01,-2.168025935914339453e-01,-5.476210999344954811e-02,7.021454963473465760e-01,3.446690274955010458e-01,-6.066985695758445596e-01,2.230210463634161866e-01,-7.173619185886126372e-04,-6.257078320782945013e-01,-5.462206493915948702e-01,-9.415482041120683265e-02,-2.400592996878037899e-01,-3.064140451213511751e-01,-2.747019983602226323e-01,-6.635212075447494140e-01,-4.492385734580967016e-01,-2.145730581949517324e-01,9.094627689477279286e-01,-1.723014445662485461e-01,-3.231836031734819370e-01,7.442154900200372847e-01
1.178201642512429981e+00,-2.422595018590603111e-01,-4.979743318032631150e-01,-8.008044880599468618e-01,-5.866735186722681766e-02,-9.033745235611226887e-01,3.498140959089582336e-01,-1.744639968998417112e-01,-1.930854431339966704e-01,7.489858283051322729e-01,-2.648670902552363038e-01,1.428620598899066063e-01,5.663265192669235670e-01,-3.678404797602017329e-01,-4.284181002948420081e-01,-9.975447222384999091e-02,2.816571894644083196e-01,-4.297222445033139770e-01,-3.763127749347286444e-01,-2.326896977301978198e-01,-1.219772200628649501e-02,-2.063023442808635810e-01,9.096856455618453907e-01,3.409236934204782909e-01,-1.132069932787326039e+00,7.758410598060057062e-01
1.092746422887749258e+00,-3.059676599156150867e-01,2.834233603099545751e-01,-8.805844544747351010e-01,-3.512617844009723878e-01,-2.959754664079362607e-01,3.843737372437848743e-01,-8.017384222343387767e-01,-3.404309907322121131e-01,6.528566253836222133e-01,-3.067916720254386109e-01,-1.566960828524512350e-01,6.525842243657554720e-01,2.967129957939977636e-02,3.189503622956526008e-01,-3.022258891010338316e-02,3.533294372165057262e-01,-6.424785094820134601e-01,-7.149943628333693679e-01,-3.851637780340926853e-01,1.195380601549475563e-01,-3.585305921078830727e-01,7.190093468569065394e-01,8.681900067554741973e-01,-1.466681754088447809e+00,8.840888662443825430e-01
-1.156393139740714782e+00,2.825248726839264465e-02,4.870385532539498463e-01,1.020795308321364586e-01,4.462490222284425379e-01,-1.747726075230526532e-01,-6.232313497479753384e-01,-8.546308743213652803e-02,-5.997934318790607566e-01,7.052312873541319860e-01,-5.806126619153986201e-01,-2.450793219483355656e-01,6.620021208525586065e-01,1.995019625386176276e-01,6.594944485375163756e-01,1.158657708799480379e-01,7.150604988782331695e-02,-5.790017391769562982e-01,6.576159379851402864e-01,-5.936552963933162674e-01,2.677633716290331867e-01,-8.305867860995262975e-01,1.440931420181559841e-01,1.106902743095637964e+00,-6.321999156162639855e-01,6.472827981735205238e-01
3.122532029363424555e-01,1.461690382911136621e-01,3.406287372690330328e-01,7.022303953328470350e-01,5.916338280645482284e-01,-2.729004165090447853e-01,-9.405617067419290711e-01,3.873929135215752884e-01,-4.264028285887659364e-01,8.203793352649716430e-01,-4.083398343585060708e-01,-9.590158894515099508e-02,7.811908716777633543e-01,4.338849210141504931e-01,5.599394568455567933e-01,-9.483087529283902306e-01,-4.496548365931430924e-01,-2.842973474314404725e-01,9.222088969627157962e-01,-2.900461087980679142e-01,3.628015677141892548e-01,-1.015716363016136548e+00,-3.066245962918341394e-01,5.485094822552548655e-01,7.831022471873637647e-01,-2.545120957652601823e-01
5.885962841535047341e-01,2.650484555632869887e-01,-2.655056211338391314e-01,4.515442482754088438e-01,3.859833674453448660e-02,-2.088431337624149509e-01,9.531861626872566440e-01,3.474782666088172545e-01,-6.135640761924013864e-01,6.906533038964481896e-01,2.356959618264754253e-01,-1.643484398949491831e-01,6.718369149118202932e-01,7.197146945473890944e-02,-1.073551937473848500e-01,4.551787277560344624e-01,3.354389217831708070e-01,-2.897168345200368256e-01,7.961882246159960319e-01,-7.268518735473283865e-02,-1.395104294377869369e-01,-1.267979887355288993e+00,-6.938854324041515698e-01,-5.155419650340327120e-01,9.310800629144853069e-01,-5.215399972997692979e-01
-2.277546904115760606e-01,3.857893266878682503e-01,-6.386396562456042592e-01,8.722397050379875061e-02,-3.928213253022437290e-01,-5.465960005426669099e-02,8.864852477651954388e-01,6.609947500242741025e-01,-3.323322132940791374e-01,6.010299886759458143e-01,3.653427094676922060e-01,1.172220454426098901e-01,7.798874362414075501e-01,5.366771877697348314e-01,-7.295604501268531106e-01,4.593456500009527321e-01,7.221469336921285676e-01,9.018742683080881173e-02,1.835845614759182842e-01,1.429066756527096541e-02,-5.383926268116578928e-01,-3.793329310360269990e-01,-5.084976844524149442e-01,-3.532374780136379178e-01,-2.144613218534330845e-01,-1.865460077062810751e-01
-3.691813275137456607e-01,7.085368473564354064e-01,-2.056279622601175916e-02,-4.765606496332577269e-01,-1.619586725086373654e-03,-2.345268154207368339e-01,-1.943757415721800053e+00,3.368763280877247746e-01,-2.125673776553360372e-01,-8.753670348772549792e-01,4.522530614231838886e-01,2.061876101053106147e-01,8.686877627428121196e-01,5.838435083502707679e-01,-2.186112998317202849e-01,1.000757180629114451e+00,1.839729885763527140e+00,-1.854294207331637911e-01,-4.705646136925128453e-01,1.098314790962651305e-01,-9.006257480465738041e-01,3.602923391509140205e-01,-2.670096167064560100e-01,6.976550337003296631e-01,-5.671117323948155625e-02,-5.821643255246587989e-01
-8.622347034442270353e-01,-6.555512913078720416e-01,8.250152522624822071e-02,4.452404113488572790e-01,-4.235474167863287343e-01,6.323616684004021993e-01,-5.589959897206316919e-01,-9.755028594760511984e-01,-3.010718334353864045e-01,1.384722811690363986e-01,-6.912687610854819642e-01,5.872599096606647695e-01,-5.058050579372685984e-01,-1.308989149105005134e-01,-2.275448623368021839e-01,-4.762021597154743047e-01,-4.473014519491813612e-01,-9.034492085053337229e-01,-3.607967353888487105e-01,-7.847976202878979013e-01,-3.123549739815836834e-01,1.841009513370591155e-01,4.395852317984666469e-01,-2.855225767757550992e-01,-6.566973294532386929e-02,-7.330387119222020464e-01
-5.273683111175595517e-01,-4.192477304653194903e-01,-6.132384416581612152e-01,7.346398769694809650e-01,-2.001876007899115392e-02,-1.099111276210397392e+00,-7.956610059664323553e-02,-5.294206386895015104e-01,1.010750694694129814e+00,1.643298838157702946e-01,-6.355512801928830946e-01,4.548420986045320635e-01,-5.408020567410881663e-01,-2.179781472804683540e-01,-6.738002546647613444e-01,-6.394330212005299163e-01,1.637714519782259084e-02,-2.261607444697379399e-01,-5.282645913302463914e-01,-5.464404689512100122e-01,-1.906992069765684264e-02,5.049795862038419791e-01,8.547054136206060360e-01,-5.159381273454674011e-01,4.606487688212671516e-01,-7.326550197316737956e-01
4.820125173540007468e-01,-6.062744334309985161e-01,-8.157386893494407154e-01,3.907848296402240962e-01,1.972569142296757561e-01,-1.292672911071363950e+00,1.570769263045945496e-01,-5.613206987699254080e-01,5.488938114707521132e-01,-2.061664730770884912e-01,-4.469650368104697291e-01,-1.738838445834576044e-02,1.428609657818301348e-01,-1.035922310831489224e+00,-3.278848306269560031e-01,2.083051991797814084e-01,-1.371567746414578681e-01,-8.588034756807356729e-01,-2.783315968353218262e-01,-9.829290106382894132e-01,-3.844353490929185435e-01,3.443091937260331914e-01,4.717291714704283656e-01,-1.113924654521683655e+00,1.573065162137975981e-01,7.125136058936584194e-01
7.205606578761343251e-01,-7.040373835145281589e-01,-8.126699472365450649e-02,-1.494639490452730257e+00,3.409713474409571954e-01,-1.135731353263816246e+00,4.542571482613261269e-01,-6.916309951337349382e-01,-4.238071764894556503e-01,3.507931871853502970e-01,1.003902181703854313e-01,1.174795154542721265e-01,3.631663461362638623e-01,-4.149971932901543870e-01,1.699284222887974538e-01,1.970601019847385005e-01,1.825567724810513992e-01,-8.231133680281536025e-01,-3.761361019149577212e-01,-8.874793989173677122e-01,2.418084528205136918e-01,4.216293886839685978e-01,4.179054402454544792e-02,-5.758421769049044681e-01,-7.030988729652969116e-02,5.311755094719282644e-01
2.599117122583440298e-01,-5.385155737828888345e-01,6.066397398518418305e-01,-2.390399620138140002e-01,-8.106941663526726627e-01,-9.099759536641668367e-01,5.879485836361005857e-01,-1.037422643061302052e+00,-4.871224984432593330e-01,2.873780228071162735e-01,2.306805977907325778e-01,-2.293204881786657101e-01,3.734622827575694304e-01,7.246341109292127325e-02,6.868653851480540640e-01,1.781458491066522931e-01,1.196054039699964155e-01,-7.178880177064743684e-01,-9.850641864084092036e-01,-8.303519998668897895e-01,2.903258297319293302e-01,1.434777822808833148e-01,-4.160185440264963508e-01,1.342176213020606192e-03,-3.504303784479202433e-01,6.462544810554745611e-01
-3.057443970190391047e-01,1.505655592171325496e-01,4.434502699312209972e-01,4.246759489128547616e-01,2.941651406340681230e-02,-1.013997950305766116e+00,-3.060264128852208110e-01,-8.683250226956322482e-02,-7.131670530135334474e-01,5.843428423607498479e-01,-9.655308542244116221e-02,-3.278254747433838601e-01,4.735790114335210466e-01,2.842484696495460872e-01,6.698426996332784711e-01,1.879971681456107657e-01,3.284043674287444037e-01,-3.242392864974099065e-01,1.417079607367859040e-01,-7.006789069257571834e-01,4.306316504417685986e-01,1.615863225379872981e-01,-4.040686437818860055e-01,2.118323907233396752e-01,-1.152434639452866394e+00,-5.564837340006038024e-01
3.405977677173591123e-01,2.448139037242706151e-01,-7.317063804096844183e-03,4.128556607228928144e-01,6.259828320871418939e-01,-6.407091367349524447e-01,-1.514037501748471293e+00,1.903972424293409460e-01,-5.672506806628644371e-01,7.563876451581108551e-01,-8.015633803760489062e-01,-2.577810509330986100e-01,5.984691377136305279e-01,8.631449839840060756e-01,4.501611682172456108e-01,-1.104121148079109993e+00,-2.675840786441402441e-01,1.247180908859373549e-01,5.736470086759727360e-01,-2.637779724065063558e-01,6.623135714156384024e-01,9.069851762230000947e-02,-1.423390751516796955e-02,-5.168362334283684856e-01,-9.816085941769584489e-01,-8.462018192203833999e-01
4.381074114848763079e-01,2.182886670785308403e-01,-4.975025389829780820e-01,9.922503134550560155e-02,3.379194873207583827e-01,-1.094527533150776444e+00,6.569500540565593738e-01,7.095181250849016963e-02,-8.712996065281148894e-01,1.845765661004898084e-01,3.168534300166480633e-01,-3.394097237334777750e-01,3.650765134841352233e-01,3.350233033893733059e-01,-2.384759258327633635e-01,1.436438776985954069e-01,-3.802768678146166703e-01,-2.516932787186523801e-02,3.755759016375120329e-01,-7.550227788022648157e-02,6.884583753667940231e-02,-9.623593202324532969e-01,-1.607402430577827279e-01,-5.297407567145271390e-01,-7.719548761814962745e-01,-3.361585819353918869e-01
-1.088324704243762153e-01,1.584096524007489459e-01,-6.338411397269350100e-01,4.073305546538380506e-01,-6.348511991954695066e-01,-4.071804049565330152e-01,6.731554404462823937e-01,4.052671003587907661e-01,-6.606483644709648662e-01,-6.855162175095545762e-02,6.887145550275259875e-01,-3.241144173319671085e-01,4.974845239756949811e-01,8.841185238830471249e-01,-3.979899904482905315e-01,2.069895840519765384e-01,2.544815998982083993e-01,2.148126946373327129e-01,-6.199154602716526463e-02,-4.490308419596605871e-01,-1.034219228552059278e+00,-7.191624868226242917e-01,1.521023312819303197e-01,8.221996563632215649e-01,-3.007838190074196283e-01,-9.990067071276319266e-02
-6.662585453823048898e-01,-1.073238799155315615e+00,-2.673626446951156699e-01,-6.296594188129841507e-01,-4.629502765489434402e-01,-2.551811884397536812e-01,-2.252468551732464519e+00,1.542999777320568811e+00,-4.411093457982136479e-01,-3.260248269525898301e-01,8.096797664972716913e-01,-1.236003010878246738e-01,6.901698829287727932e-01,1.346516716441295447e+00,-5.748835812139618806e-01,8.397402625092996731e-01,1.710112550275591392e+00,1.957451117624345593e-01,-5.994305038390584928e-01,-5.546920743194243553e-01,-9.468761804280670935e-01,-4.079080905258592460e-01,5.185947179682338648e-01,1.051573836912853999e+00,6.531553369665829001e-01,-5.816341158151038249e-01
-1.021290705862222037e+00,-1.178232354023595052e-02,-4.759096921315704165e-01,4.453594435190377787e-01,-5.266081449660181546e-01,2.240548143608895593e-01,-7.739974350666777303e-01,-4.317553043791684808e-01,-5.975025334250390063e-01,7.421908201130289484e-01,-1.438295640167629452e-01,5.036969306437479865e-01,-5.673330091081424387e-01,5.359788402846510369e-01,-6.040532309106130260e-01,-6.859229425960951081e-03,-6.761664088259558003e-01,-1.335810224028752269e-01,-4.953139750091438143e-01,-5.643502428274570493e-01,1.010544890036234600e+00,4.720908248745201430e-01,7.598259741338538042e-02,2.778679687887611882e-01,-5.479743157050805114e-02,-3.861644132044542710e-01
-5.881070369005680920e-01,-1.958738068476096120e-02,-6.722610564374708053e-01,3.709903764450433461e-01,-5.426258014952878989e-02,-1.122082089733289711e+00,4.650457231046172812e-01,-8.032315379981484760e-02,9.357096880909180348e-01,4.816199508978913912e-01,-1.606276459026477754e-01,-1.297164010984303839e-01,-7.844372765104057343e-01,-6.935824601681281898e-01,-6.908582280718115198e-01,-9.010336129706861263e-02,1.732823592098775567e-01,-7.539787858465706559e-03,-5.863164748800007153e-01,-6.290068116217284455e-01,1.078629159103839719e+00,4.139504860093561889e-01,-6.870159707697934826e-01,4.353026954458502629e-02,2.873860744225183450e-01,-6.878112706977453916e-01
1.600192003818661779e-01,-3.771286610403747908e-01,-2.487891126473316117e-01,1.451618844573164882e-02,2.854055751618852499e-01,-6.206101323997001984e-01,6.072703455920778343e-02,-2.188359930165814926e-01,5.646177270686879579e-01,-1.631108169652189729e-02,-4.036878999957348862e-02,-7.076165993516196906e-01,-7.112021116029428880e-01,-8.133673055545831421e-01,7.612909148871215871e-03,2.945476589160716530e-01,5.701083706381632893e-02,-1.301423156964154337e+00,2.394239784109627178e-01,-9.384286145244504773e-01,2.798708345366089922e-01,4.944127458335581538e-02,-1.310638562713088540e+00,-8.061000948985236336e-01,3.463848864579727183e-01,5.498516161779775091e-01
4.265926346532040170e-01,-9.104611186932483058e-01,1.969958416904013798e-01,-1.259776968853261403e+00,1.238416044896569895e-01,-1.468526958502963442e+00,1.455283540819748700e-01,-7.772565032227540804e-01,-5.189716562428875468e-01,5.176000596833013612e-01,8.513991702601114708e-01,-1.349119375412289323e-01,-3.894059095236589441e-01,2.322304210084368548e-01,3.556177741566721728e-01,1.675603531222980558e-01,8.596786061203720575e-02,-4.636950819476320373e-01,3.445454724272491998e-01,-5.928143314001667052e-01,9.518830254163702653e-01,3.994702912047620180e-01,-6.756930426839000692e-01,-1.198435979234443671e+00,5.048735705645838179e-01,5.964526856948159095e-01
-3.027046540946676939e-02,-3.001170566379931723e-02,5.223442000446411049e-01,1.875431047284460417e-01,-9.228977056794254175e-01,-5.683518477581952534e-03,3.655885081567585293e-01,-9.018062600393815798e-01,-6.238053795031613946e-01,1.235403940528858741e-01,6.410906146854056242e-01,-1.162691731080286311e-01,-4.709121269622231210e-01,5.834263539755503158e-01,4.791999002624324766e-01,1.985071125340065468e-02,-9.262495467462954560e-04,-7.927707319407074904e-02,-5.764699471691372423e-01,-5.527001545861246479e-01,4.502135446056099166e-01,7.366631573058675109e-01,-3.411471649648281645e-01,-8.919321019436251552e-01,-1.665380705193088562e-01,3.539600657504473613e-01
3.608733840003504612e-01,4.083467026868655148e-01,5.403829282064629425e-01,1.573274335286249659e-01,-3.823967714736380141e-02,1.008288599050163707e-02,1.637210517909641963e-02,2.778664209836805843e-01,-6.109285845258445313e-01,1.557002135562196299e-01,-6.008587404736140947e-01,-1.221646844634609146e-02,-6.504777449503682529e-01,5.268177866873092752e-01,2.651624595069803636e-01,5.272422534075173195e-02,2.954779929996858012e-01,2.028848510969600838e-01,-5.327164535695845249e-01,-2.699492925595221582e-01,5.264618254029475031e-01,6.214999901681935723e-01,2.113332946281554214e-01,-6.693086749706309568e-01,-1.500343309580671303e+00,-8.395607167002898663e-01
2.561400113175094084e-01,3.780750633530491345e-01,2.186550965053599693e-01,1.387462910126923132e-01,4.034914293475945768e-01,-2.786728261962176812e-03,-1.417546785062456793e+00,5.210145356125512883e-01,-5.431128369372248965e-01,-8.549531198767866547e-02,-9.856514223795327378e-01,-2.338702789112488412e-01,-8.409590116562477569e-01,9.003938669584227172e-01,3.415982775169407737e-01,-3.595075538011160421e-01,-3.999249157812986843e-01,4.263427819381943595e-01,5.037769262219440325e-01,-1.724342074372888778e-01,8.630874142580056141e-01,-1.272023041561273771e-01,6.315185684850017633e-01,-1.934408867950879740e-01,-1.307402927911996304e+00,-3.319990874934070635e-01
-5.310200096186544483e-02,1.373504763396123651e-01,-2.894349846095412016e-01,1.292557471115677314e-01,5.442740350072849953e-02,-2.110436058215190147e-01,4.456893920104932350e-01,-7.418743140371428235e-02,-7.362501680460923348e-01,-1.023214348292146525e+00,-1.086036348956222586e+00,-7.331378534643998579e-01,-9.630374220500885762e-01,3.716147320807073884e-01,-1.565862989638171221e-01,-5.391417277125614138e-01,-2.829749908104752798e-01,2.140043258188039851e-02,1.728891437597592784e-01,-3.403957701187744211e-01,2.483508926038980602e-01,-1.565309087351254735e+00,4.516631047278993338e-01,4.711702018948160098e-01,-3.987105940340947979e-02,1.214147833729766618e-01
-2.231434642569938842e-01,4.318202011026517906e-01,-6.630917799311026872e-01,4.794546827649138199e-01,-1.323591056052143000e-01,2.293905511278896137e-01,5.693940534071152415e-01,1.357180699759445719e-01,-6.806492604904709198e-01,-7.539087278789916580e-01,2.038130434896729404e-01,-3.892713951715387477e-01,-8.524992732654979033e-01,9.066457039704323151e-01,-1.673424667219810813e-01,2.602510452690899312e-01,2.236789966459788170e-01,4.968310009450769282e-01,-6.107610491818821208e-02,-5.673054863981997764e-01,-1.558576748529876488e+00,-1.258984582127189000e+00,6.454480522311262236e-01,7.682937875039552722e-01,6.250793966808951829e-01,-1.144568541991423244e-01
-1.650923649212130417e-01,-2.336748318459734186e+00,-8.995664467191955005e-01,-7.031047441398188269e-01,-4.974488606018963033e-01,4.675444081676238817e-01,-1.939152865575896501e+00,2.345566665359408720e+00,-4.879302085838099767e-01,5.884659661914905943e-02,8.153958704107068245e-01,-2.620638283232197829e-01,-6.589516550061129685e-01,1.429263498348150252e+00,-8.138586421556370798e-01,7.698116347440080443e-01,1.666389245904964955e+00,7.763648330495059868e-01,-5.465754691416652156e-01,-7.738477228371206662e-01,-4.551835479865250500e-01,-1.443352262744364234e+00,9.812787389681110195e-01,7.431193941846391260e-01,1.405812483525764822e+00,-7.922670293163533994e-01
-1.141466742377766241e+00,5.617967062942795797e-01,-4.874000496797564752e-01,4.807949714219076909e-01,-6.046224995145396131e-01,-4.502565323549149179e-01,-5.385276243340750835e-01,3.747585418100225496e-01,-4.918554782247526735e-01,2.116553488422648066e-01,1.607030773157196724e-01,2.833573696070404990e-01,8.975038779262622946e-02,-4.254378912118169515e-02,-8.642790452405506585e-01,-6.585758521837722368e-01,-6.433275709208432502e-01,2.170774647104549981e-01,-6.159696580662075149e-01,-4.169472227094487282e-01,1.287543641386530435e+00,4.184310428819301708e-01,-5.422917376983674709e-01,5.751349617958957383e-01,2.072078511488397931e-02,-4.203187774857295445e-01
-6.677167787755232675e-01,3.363827904643172384e-01,-7.185826080480082201e-01,2.298416890640621046e-01,-1.932400602425757563e-01,-1.172983679900987397e+00,4.688605844297937253e-01,4.493269428759306128e-01,8.991743325768447592e-01,6.613621231763446018e-02,1.404563033323542875e-01,-8.294589444712424653e-01,-3.079721792487652432e-01,-1.534133265000183988e+00,-6.989634564082775059e-01,6.779523858034220973e-01,4.169086855369888989e-01,-2.456656178356061981e-01,-6.489258298083411258e-01,-4.922850419030439517e-01,1.104607367591144751e+00,2.392112317312923286e-01,-1.124401641804603447e+00,5.224259557779782348e-01,5.901104733767544019e-02,-8.136478598644696358e-01
-6.494088757887432617e-02,-1.252636294966732733e-01,-2.043794154115316786e-01,-1.608010519779962955e-01,9.451757491326624738e-02,-3.561686290179306713e-01,-9.154333582179463580e-02,-2.131549489894000171e-01,4.965521953546840894e-01,-4.816264080011117277e-01,-6.971022793247506899e-02,-1.131444454896539664e+00,-1.274696552536281891e+00,-2.247001889048114431e-01,-1.367756793156664485e-01,2.179809676209686076e-01,-1.255842657816256813e-01,-9.916470449984320368e-01,1.185506517885966532e-01,-9.850259754338986928e-01,1.546561300212868639e-01,1.633607830499050201e-02,-1.535577874938541809e+00,2.445625285722231590e-01,8.585026145010038467e-02,1.134851428919384092e-01
6.106282722689010400e-01,-1.306502399024952243e+00,1.081570026690743119e-01,-1.323649586952460933e+00,1.223927445485004789e-01,-1.209206477252608325e+00,1.947108057631449785e-01,-1.657235399828943967e+00,-5.934723665174806984e-01,1.353251314783035231e-01,7.347737652256567387e-01,-3.637158571730770840e-01,-9.869670378120672938e-01,8.602828582567948468e-01,1.098677076857582507e-01,1.004418281166107457e-01,-4.140726777726627846e-03,2.641263798294893328e-01,3.233789728940010266e-01,4.120986431505294090e-02,9.858850140649323412e-01,3.502335732029116522e-01,-1.029034545605451267e+00,7.198919754312838037e-02,-3.065571346143493581e-01,-5.341535993743641575e-02
-1.845000857490495250e-01,3.746716410185199631e-01,4.768139619164281084e-01,2.243350236236023032e-01,-8.052341844857439090e-01,7.195032892829400506e-02,2.950951789672426329e-01,-1.786302077783780973e-01,-5.607382125584150501e-01,5.253690002486318539e-02,2.714460516377729116e-01,-2.694798328653739694e-01,-7.194221703747062380e-01,5.576171717264621908e-01,4.646446622424396655e-01,3.219586165485480156e-02,-4.850125433203605202e-02,5.086864154552710460e-01,-3.868315187312618142e-01,7.795438747202322605e-02,5.699024951975011355e-01,3.702156902381106840e-01,-1.056035105501057725e+00,-7.752133541163597208e-01,-9.048419543412292709e-01,-5.916907144726084589e-01
5.004527848003321733e-01,3.710691384341889276e-01,2.360719854247154137e-01,1.443969507883250125e-01,-8.434090188002973942e-02,-4.382255890698009276e-02,-4.006061850743669606e-01,2.184339157462573955e-01,-4.233546060659121313e-01,2.958516065921024726e-04,-9.348832461194025445e-01,-2.282724042902867789e-01,-7.362661260242955308e-01,5.524415762250648454e-01,4.348461358446039093e-01,1.974120255333046414e-01,-1.469618691220789808e-01,3.239243227675283054e-01,-6.797885388166230447e-01,2.840209413263865557e-01,4.823300081073369494e-01,-4.506882817418211146e-02,-7.127913925327010736e-01,-8.736797165743279692e-01,-6.165541095598904286e-01,-1.927002852675377687e-01
-2.171478440342848940e-02,2.351461792829255826e-01,-1.806262397339529202e-01,1.065613117961542872e-01,1.136960057391519785e-01,1.227271123172758854e-01,-1.075555781071503070e+00,4.652685889464713842e-01,-5.248003783852579485e-01,-1.968976496908897422e-01,-8.887211266940486798e-01,-3.815192944100045391e-01,-5.995018201594831675e-01,7.378366741826117847e-01,3.166332577439996965e-01,-6.422269600474411755e-01,-6.817407482978504740e-01,1.635338247283096291e-01,2.929981377107231388e-01,1.471595867394822343e-01,2.917157459415807841e-01,-4.924093528441435552e-01,-3.191315252265047309e-01,-9.265499791178908318e-01,-1.529057279295541472e-01,4.889564398537616374e-01
-1.736037268734860195e-01,1.834549006229776458e-01,-3.150691490142409346e-01,6.087653106802094760e-02,1.354642486421327174e-01,-3.214268783848277522e-01,7.797501808148354918e-02,1.836163636991820503e-01,-7.064158147018539946e-01,-6.350006086747419509e-01,-1.518968736868325786e+00,-4.969166557299486420e-01,-6.217356965625238097e-01,4.557639733202492605e-01,-1.646258020955826407e-01,-4.271982465856742350e-01,-2.465120104792343225e-01,-5.795266408260230789e-02,2.100371983211856697e-01,1.065625457029169970e-01,-7.823021953542292906e-01,-9.400326004245382894e-01,-3.562535543720509734e-01,-2.560215418293725342e-01,2.258060601093684339e-01,4.929760521026540498e-01
-5.987122335510725035e-01,5.030468454262376765e-01,-3.131391739076066494e-01,1.258278918407883529e-01,2.024706515806060370e-01,1.999029861775049044e-01,3.333964115145878621e-02,1.519587875178259606e-01,-4.501835372772151622e-01,-4.230025557302502515e-01,-4.286076537938057762e-01,-3.110700710482272244e-02,-2.286403806496464797e-01,7.732190497061196544e-01,-4.365282147412914981e-01,4.693299224547599069e-01,9.114648390635061992e-03,4.014998654800924771e-01,-2.001422914447656687e-01,-4.047257894512475418e-01,-1.227837265065815586e+00,-4.346272133560239448e-01,-1.641362510911227313e-01,6.415137130679384736e-01,1.394928180827916808e-01,-1.178967825085094623e-01
4.770525984551013399e-01,-2.435228151840393096e+00,-1.100475783944948827e+00,-1.348432705229681283e-01,-6.757108425270608176e-01,5.081277467949333326e-01,-7.375948023050744595e-01,1.946035765404014350e+00,-4.541835780873398343e-01,4.187617329336121852e-01,6.838085103896419659e-01,4.468675731467627171e-02,-9.739185737572991775e-02,8.709765962798146077e-01,-8.890064043834928764e-01,5.655622035815128790e-01,6.664429870190212712e-01,7.022504166636482914e-01,-5.570667600048598844e-01,-9.860494428898386454e-01,1.789173451664074765e-01,-4.566270241710283506e-01,-5.135471213856926398e-02,6.780387221926360564e-01,2.395197149524668223e-01,-1.017738348324028541e+00
-5.811303376709957558e-01,5.477170317468812444e-01,-8.343814574669927708e-01,5.264459064720901083e-01,-6.195498038191523671e-01,-1.086771566586917093e+00,6.663348603085504640e-02,5.367695381110090258e-01,-6.211694809188690325e-01,-1.876176425034087880e-01,3.325247937253452690e-01,3.167247811939351461e-03,5.548971653912209145e-01,-1.018955707732850602e+00,-4.234224319854306695e-01,-1.290304984350044482e+00,-2.082251059552266415e-01,2.995279948741228493e-01,-5.813042291796601813e-01,4.156977254611404771e-02,1.416882577233753437e+00,3.485576721672377087e-01,4.062570071858987442e-01,4.562591001520152623e-01,-1.253687422823659796e-02,-4.389983502370262136e-01
-7.205654765881969182e-01,3.461696478303641356e-01,-2.334277398352351263e-01,2.817582768451505904e-01,-3.226910896128344364e-01,3.963497476966157951e-01,4.515793269059373838e-01,3.159124764026686183e-01,8.016091747803087975e-01,1.246484638065166045e-01,2.264892428055409190e-01,-9.452832780049701400e-01,-3.494399261884812424e-01,-1.059482864801734037e+00,-8.235895639488481912e-01,7.463588348447677268e-01,9.205261322910965327e-02,-9.171852946100224058e-01,-5.223623891796107532e-01,5.460600740885017401e-02,1.176460037198854502e+00,2.802476585801128572e-01,1.289576003818109495e-01,5.630894481076617053e-01,2.513635768915840618e-01,-7.100845130376594039e-01
-1.878699074007250365e-03,1.292693138004343822e-01,3.598957882766800065e-01,-1.036744108648737644e-01,-5.105435510451387243e-02,6.620491228503599945e-01,-5.514145391780375313e-03,-8.517055496565376083e-02,7.140256967478803007e-01,-8.848656671926502515e-01,2.685947443063716467e-01,-1.064535404793169882e+00,-7.947334280060508460e-01,-1.707282021232697511e-01,-6.258397572485635552e-01,1.308747136515519272e-01,-5.936021388264180881e-02,-9.364917829309200581e-01,3.188027624282458450e-01,-1.160384588464681510e+00,3.194973198429281180e-01,2.137484725132598462e-01,-2.304342383365353963e-01,-1.064448023664847920e-01,-3.141671170334707774e-01,-1.785894258263276690e-01
4.364494082849477152e-01,-1.301766438536170689e+00,2.330669962058133649e-01,-1.198011906422978168e+00,2.077452220453058218e-01,-1.263258484824377526e+00,3.779144354822612240e-01,-1.301466953077087041e+00,-2.964292395688413739e-01,-7.239005951438883812e-01,5.457343186978445004e-01,-1.900774797205528888e-01,3.005983986508026784e-01,4.482458764936691487e-01,-1.911752887864761469e-02,1.715540150027133059e-01,-7.545225696139934435e-02,5.295492475873099236e-01,6.090520434574173692e-01,4.547154319636367292e-01,1.040352966119174605e+00,6.653874720874308757e-01,1.539173709099249110e-01,-5.519733015550459809e-01,-1.233258303742213124e+00,-7.653432364661855170e-01
-3.961319152790424708e-02,6.301231328966752643e-02,3.609009602948326512e-01,-9.871459752870856419e-02,-8.650105530534341058e-01,6.466835478575481133e-01,3.662103072700305662e-01,3.184698046817939776e-01,-3.867708283085146692e-01,-9.821641177290642011e-01,-4.541203026010210975e-01,-3.401484848663173799e-01,3.966831118606908846e-01,1.853410310188894350e-01,4.459337467687510825e-01,2.000487016615555280e-01,-2.590561236704761461e-01,1.252077261789362739e-01,1.572944342118489103e-01,3.791702155325002432e-01,5.921283216118752302e-01,-9.048115899642444893e-02,-1.491997389999329404e-01,-6.033540589935340037e-01,-9.263649093934027690e-01,-8.168091673490112115e-01
-1.552339161590408079e-01,6.883140986614293411e-01,1.632319218142741779e-01,4.082228957092800536e-01,-1.132057267884895163e-01,5.306346685624697690e-01,-5.709376340315726051e-01,-8.873664478053903959e-02,-4.357693452640885590e-01,-1.223176701588393422e+00,-2.329284943823558274e-01,-5.098071260567955676e-01,3.734111323036359287e-01,1.284388965702565610e-01,4.174663928230848420e-01,1.881691705381280111e-01,-1.121860000309886085e-01,8.310141328673978367e-02,-8.941812133907441895e-01,2.659484001524488050e-01,1.941650320714972122e-01,-5.646555584240758874e-01,-4.313751009434184658e-01,-7.866828582489236998e-01,1.397502806786214136e-01,6.126107240985110280e-01
-3.322556236074816760e-01,8.417309004767299374e-01,2.973349852389157999e-02,3.876021574954772730e-01,4.379298584619850110e-01,5.117390472252925093e-01,2.282194222386932717e-02,-8.634589802721781560e-02,-2.912895054449986532e-01,-1.096800955069344274e+00,3.470285492373099134e-01,-2.671075522175960226e-01,4.089755399408191994e-01,3.353650934670534545e-01,9.923355845796553998e-02,-1.309435547383767329e+00,-9.524248976089845220e-01,2.186992762597369522e-01,-2.108812584530108669e-01,1.966180529776729580e-01,-2.469286685880534293e-01,-4.679986483442157286e-01,-6.776712286880883784e-01,-1.167309729040622912e+00,3.911762867072248184e-01,7.881606306837533049e-01
-2.742365566362455764e-01,6.378040648773709576e-01,6.379780838729137704e-02,9.235801505322560612e-02,6.046254127065034956e-01,1.793226727706626056e-01,8.097200734753843415e-03,-2.777284392776568356e-01,9.376619795334696422e-04,-1.070320570871130306e+00,-1.060333796344079316e+00,1.053172479208652930e-02,2.797079589131271082e-01,-7.540866114747636628e-02,-3.591273310216940851e-01,2.501740161419971353e-01,-2.674000391787468289e-01,1.221290751309506428e-01,-7.378072730872509144e-02,1.284269505322227223e-01,-1.020970143297171173e+00,-5.252781791722910265e-01,-1.018566896597207672e+00,-1.195568085702883865e+00,8.379481658017519097e-01,6.258811168103312061e-01
-2.009413325132049788e-01,-1.369019273858999297e-01,-8.392894033128642239e-02,-1.151333860191348230e-01,3.631290283762675375e-01,7.699604784646700839e-01,-4.046215525607460561e-01,3.836990536153471187e-01,2.496159005363965122e-01,-3.461629504961321602e-01,-1.077760633996501349e+00,4.243483126751731449e-01,5.080587617864701366e-01,1.670773653594117558e-01,-7.660121783561539832e-01,8.737214982662971918e-01,-3.429320320286554508e-02,5.019597439985455933e-01,-4.793267812267099637e-01,-3.244432447231235805e-01,-7.921495737886697919e-01,1.470986806362726274e-01,-7.230406661927677447e-01,-2.162767826325515952e-01,7.767357635946119387e-01,-1.974680773860303107e-01
9.256520532772489762e-01,-1.303898409295351613e+00,-1.153985292169885657e+00,-3.573234584447833040e-01,-8.893136510288247587e-01,7.846847565470647101e-01,4.344868540775232435e-01,6.616089073761745043e-01,4.470491766543647355e-02,5.270981655824089757e-02,-1.975290409460051660e-02,4.400695707688922487e-01,4.638246453876886943e-01,-1.762858818813191064e-01,-3.454249362286833658e-01,5.277286865010197836e-01,-4.583323678827548320e-01,6.855917589439886051e-01,-4.982363312880976336e-01,-1.011703068498047031e+00,9.392876871520390233e-03,7.628164608707241334e-02,-7.116054247621139695e-01,2.731302957154950195e-01,3.182359377116802945e-01,-1.222029651857352794e+00
-1.150485884871228909e-01,5.532034680269116711e-01,-1.116097283163183240e+00,-1.201437974374748446e-01,-1.301270482693322739e-01,-1.390636041732174810e+00,3.625642645672042530e-01,5.234364795875339205e-01,-5.072811563676073998e-01,-7.731731476304383177e-01,4.136027674220192352e-01,4.336447122193949899e-01,-2.189599130764215973e-01,-1.025757594781683935e+00,3.333020456766363493e-01,-1.058002109839117688e+00,7.015217710566187814e-02,8.383875598828349762e-02,-5.664496940462447894e-01,7.489801689438749799e-01,6.103239001823609344e-01,2.670367302509802365e-01,4.514547847227064481e-01,2.051255739740825423e-01,2.152473610694397854e-01,-3.394530285577348483e-01
-5.435117316766536755e-01,4.316829442683855489e-01,-4.904202355462537744e-02,-2.427019749535359039e-01,-6.081163895669938757e-01,7.693541316038088329e-01,-7.712682779731866445e-02,7.366916382828274656e-01,8.848846666738580113e-01,3.218835304235060923e-01,5.901425781991204156e-01,-5.683380137510877228e-01,-3.829107654296058927e-01,-7.460952194138873450e-01,-6.198053003122698801e-01,-2.413712500700170849e-01,-2.272911619892921120e-01,-1.366330404048436975e+00,-4.185465108548276358e-01,8.365867282312928754e-01,5.446266579980704181e-01,7.417076264736691682e-01,6.103627884225582001e-01,-1.122415170903676568e-01,-8.717158041253777467e-01,-6.903660528822074260e-01
-2.956486107497909299e-01,4.026750785661611931e-01,9.752841053989018683e-01,-2.129790780050037358e-01,-6.230762861875402958e-01,8.871041704546777096e-01,2.307787511079920362e-01,1.924124095249052924e-01,9.464516969414188408e-01,-6.037846615242452586e-01,6.638940508865501799e-01,-5.081326407660653466e-01,2.252197144051765465e-01,-5.774885117325618822e-01,-3.550958216986374594e-01,-3.254094457907904525e-01,-5.696195123463951293e-02,4.153549379397956931e-02,5.894085844192666901e-01,-8.224209345050551567e-01,-4.188042874091970486e-02,-1.016221007174231417e-01,6.856913234848158734e-01,-8.889418488235470983e-01,-9.105045610616040452e-01,-6.098761740119005292e-01
1.304440725823329816e-01,-7.312405560518544512e-01,7.803796964495379740e-01,-4.230836837478396673e-01,-3.057723510027908209e-01,-1.363736922483972380e+00,1.442987384485015512e-01,-1.179587446801012796e+00,-1.648168388204090673e-01,-5.890449015218978124e-01,-5.548739982276466171e-02,3.560200926296622909e-02,6.288821789922072192e-01,-8.480641016226387122e-03,3.149188330393790092e-01,-5.596750574995750654e-02,-1.306530292316328279e-01,1.128552406666664343e+00,8.915914079656115376e-01,8.795131370741197108e-01,6.302286199575845016e-01,-5.735482742129042188e-01,1.054129985922616086e+00,-6.333329611791241875e-01,6.706904406314738443e-02,-6.927387247441942897e-01
-4.681259804755393272e-01,-8.974949463943646677e-01,7.245444269133779480e-01,-4.971332562158041202e-01,-1.192030330228915025e+00,5.555566337964101820e-01,9.640120883249522765e-02,2.277462192127573115e-02,-3.640690834898586692e-01,-6.420781298032720574e-01,-7.347873245890895744e-01,-3.409315505613381148e-01,4.520695572760986547e-01,5.385033952583068162e-02,5.685807216027305433e-01,-6.227642461914423277e-01,-1.973524116236422543e-01,3.493514184100309228e-01,6.282708300358996745e-01,5.540222672550382255e-01,5.306484249064233882e-01,-9.027763834231231632e-01,3.590473243778889434e-01,3.022006451050336384e-01,1.869997211573933560e-01,-4.710703216047975456e-02
-9.653986176791368168e-01,1.564915333015118315e-01,4.018791865697792787e-01,-1.563301333599192156e-01,4.926926580488736884e-01,4.255644029083116564e-01,-2.467206938369145841e-01,-1.856367038639791245e-01,-4.884102115968814717e-01,-6.851933455928125305e-01,5.221821358790316170e-01,-4.591797844962102748e-01,5.150503271976518693e-01,1.041990733787275750e-03,2.269899046730507186e-01,-1.094196147229334448e+00,-8.265368079306097959e-01,4.056678954443437846e-01,-8.278728863873373589e-01,4.213218415155024488e-01,2.011072443237586493e-01,-4.096917980681761273e-01,-4.422210612046765799e-01,3.824402071519978352e-01,3.526921577872891289e-01,7.835710999524289067e-01
-9.925428653669593482e-01,1.425498349525428365e-01,2.758746533349051844e-01,-1.757737220224469543e-01,9.882504711393718111e-01,4.470043322113566586e-01,-6.862312931685468631e-02,-1.945477700618113148e-01,-3.555731752815406987e-01,-2.866193089146586992e-01,8.937761660578109613e-01,-2.849662732197315029e-01,5.603017335129714116e-01,-4.672082889249031673e-02,-2.340573348865093717e-01,-1.184100180600818231e+00,-6.929111835452154144e-01,4.579940962323761355e-01,-7.584730629635366705e-01,4.295878841109671553e-01,-2.813042345987478154e-01,2.609712944844683191e-01,-5.625605475005452938e-01,-4.995457607518555276e-01,6.580224437647080871e-01,7.643561197087970216e-01
-8.651296219632905737e-01,-5.358583297993688710e-01,2.537996353181214970e-01,-5.574733350441678226e-02,1.166482900709832515e+00,3.703975167358279363e-01,-3.403589793679725473e-01,2.949590035994875126e-01,-9.846147235866881120e-02,-7.205351960337873229e-02,1.651758422636958809e-02,-4.451854966828389798e-02,4.626503162045509376e-01,-7.358792716015841728e-01,-1.114263414020107534e+00,1.277393603788808063e+00,-6.153362271916859028e-01,2.537757870387362114e-01,-6.506141871653898789e-01,3.885649354566949043e-01,-6.988612903291254730e-01,5.082091572321730810e-01,-3.524737772673274816e-01,-1.250148868349286957e+00,5.635840914970737803e-01,7.472270689081113026e-01
-3.758778253947754888e-01,-5.593940919781384968e-01,-1.585364798563473343e-01,-4.292203692101635437e-01,3.369679404790574817e-01,6.818486094153393129e-01,-2.172696849323053903e-01,4.316646029455071809e-01,3.577313671490928160e-01,1.742982030338282584e-01,-9.254366374328375500e-01,4.802628566585229186e-01,6.554432069324022114e-01,-5.408699278423771961e-01,-5.137712821341176017e-01,1.282991821026956636e+00,-3.295208246853176814e-01,6.456576960498940920e-01,-5.016032532460359405e-01,3.361099200386018920e-02,-6.416580737076861274e-01,7.175935940883307884e-01,-6.289075777320705940e-02,-8.844763505669456238e-01,6.713490181330903361e-01,-7.155137117899332266e-02
-1.655776040943419958e-01,4.136873264573481812e-01,-1.182241257949617985e+00,-1.772921911841298104e-01,-1.143422595097767447e+00,5.899086983799755046e-01,1.241939929280979182e+00,-7.164372660154895156e-01,1.062833445501247809e-01,2.815756899121784063e-01,-6.113933853405686403e-01,5.968469257152722030e-01,5.163163531606809187e-01,-1.031661105870347761e+00,9.624737096587420160e-01,8.413750683835955479e-01,-1.171862702802278555e+00,7.462743589092090124e-01,-5.991794273906689283e-02,-7.052548264764992858e-01,-8.132725681651741256e-01,5.751263232788857982e-01,-1.439080442155177275e-01,-6.851502673171968594e-01,4.477221479158633444e-01,-9.579360688832763149e-01
2.965859041721948253e-01,5.924989429807087093e-01,-1.010516714257701620e+00,-1.379886762722697835e+00,4.111430586989985869e-01,-9.068584830043693312e-01,-1.046607622743601640e-01,5.324273912773453965e-01,-2.829890309005923532e-01,-1.183732866671283190e+00,5.741699038685627032e-01,5.147230672214408997e-01,-6.866214502829605104e-01,-3.482935179754496624e-01,7.630310107516230511e-01,3.555373914096212062e-01,-3.863652641416107647e-01,-6.883901428243248688e-01,-4.630786202348303737e-01,9.704055550995742685e-01,-5.839878594879500950e-02,-2.940574575987198180e-01,6.428564307718768189e-01,-2.288863004993403616e-01,-1.567518653501585868e-01,-3.131539854172494253e-01
1.266493947543520515e-01,7.519097377374953650e-01,-4.130530860710824870e-01,-1.455691087123054839e+00,-1.887832518690222769e-02,9.304260142033482506e-01,-3.989037669289997590e-01,7.438508227206458434e-01,1.073516215804216856e+00,6.921298502526901375e-01,8.331605342382204515e-01,-2.071538036106856939e-01,-5.108580378287724821e-01,-5.497428458787101402e-01,3.557441418278665668e-01,-8.624198392371320576e-01,-4.775287594030837579e-01,-7.794231681881566010e-01,-2.966433093645443053e-01,9.102891838190544371e-01,-3.969676717665880372e-01,-6.828564656191306037e-01,5.656779213410675355e-01,-9.946008976332889606e-01,-5.485235220785874555e-01,-8.225378344266081054e-01
7.468760105218671952e-02,6.940915451939517755e-01,1.260253766130009057e+00,-1.383973525512570690e+00,-1.124934894757826376e+00,7.111195129559936268e-01,-5.210721439738441596e-01,6.291372130223803483e-01,9.840197207748927477e-01,-3.730802833349627923e-01,5.893448057816107477e-01,-2.513118836602560094e-02,1.069809502831165215e-01,-9.414377836782112929e-01,-6.894074608778473223e-01,-8.736943851812520867e-01,-5.471372564940715222e-01,5.295050181904327191e-01,7.331044531270185516e-01,-6.036905285369891239e-01,-1.471739386889052703e-01,-6.645432415961007866e-01,4.299264290686090617e-01,-3.488610375601292057e-01,-4.581821166240384047e-01,-5.990549802579461236e-01
-5.817300384509165034e-02,2.865285296323816580e-02,1.239629243675399062e+00,-6.912699345576255316e-01,-1.677620169648868842e+00,-7.544442744419149749e-01,-4.013211786993080010e-01,-4.772049879283585816e-01,1.748768249992159463e-01,-7.825888515110984711e-01,-4.266730517960803937e-01,5.411204970430183447e-01,3.158910245790614857e-01,-7.383383809344461479e-01,-4.221242001528352494e-01,-6.390085189318728265e-01,-4.207404765587941520e-01,9.168652061708819634e-01,9.402646835267179926e-01,6.458893598825018456e-01,-3.408904301064434594e-02,-7.661900650867240481e-01,-3.113121348026759438e-01,4.769704501878425651e-01,5.397323754187737244e-01,-8.497726391852931938e-02
-3.798097939792893230e-01,-5.443861819308583039e-01,1.079624818586105039e+00,-5.427112317858947543e-01,-1.697911359311710111e+00,8.652065199228409220e-02,-6.172639596733255907e-01,-9.789868691566696590e-01,3.263908760040938883e-01,-4.837137643551260302e-01,6.480683394858412216e-02,3.474947539360068727e-01,1.740676805572156371e-01,-6.428256648376469151e-01,-1.383080137356369477e-01,-8.050448720904690436e-01,-4.968017360551389427e-01,7.158355963107094766e-01,7.924976880233270959e-01,5.170423270218137413e-01,-6.974799722583108208e-02,-1.081208057027984171e-01,-8.503289586378778298e-01,5.859934098224184318e-01,2.912959921099310678e-01,3.938527813622730300e-01
-4.869356129270875910e-01,-3.424371972504002271e-01,6.019684516016798881e-01,-4.392300223768648149e-01,9.493594604725401620e-01,2.070080000489793182e-01,-4.947296711585693063e-01,-7.870607379484573229e-01,1.651741149844113687e-01,-3.781094332496027222e-01,7.346896329369737577e-01,3.284604591326633072e-01,1.715111050062284315e-01,-6.150608213254149526e-01,-1.008102476697119387e+00,-4.283423614702287496e-01,-4.134537154409291260e-01,6.023391658001794324e-01,-5.665583608810481619e-01,3.534883201369071748e-01,-9.679191328691173768e-02,4.767181336077715437e-01,-5.592552216598640769e-01,4.256661757621204023e-01,-2.092147243143467894e-01,4.790682536530255775e-01
-4.644702366558649542e-01,-3.064450691063368981e-01,4.470418291777079611e-01,-2.260257357755565411e-01,1.604998239312325881e+00,6.320386866451943586e-02,-2.516436026929281256e-01,-9.203294601824059118e-01,6.232218952983070714e-02,-2.086479575064726921e-01,7.797250755206222017e-01,2.535254322993180098e-01,-1.713298472279605258e-02,-8.510624515789647626e-01,-1.222994514506528851e+00,3.813693663157748381e-01,-4.374662331490950518e-01,6.289300775883894801e-01,-8.158437112008167791e-01,3.297884640452755090e-01,-4.209153921604368298e-01,5.481378303879936853e-01,-3.654838255050979479e-01,2.616048886794909434e-01,-1.791366044802589486e-01,3.386915397614276846e-01
-5.891017473419486450e-01,-3.402676086111642850e-01,3.967453090889604406e-01,1.855178485571103500e-02,1.207180662177719688e+00,7.395933721635988833e-02,9.777122264783771888e-02,-8.321581917529174977e-01,-5.146551028974087616e-02,-9.579063688024541667e-02,6.403179202659031732e-01,1.285359165418524796e-01,-1.680583552213862075e-01,-1.183765555311780071e+00,-1.068802975421367929e+00,1.301288780589473726e+00,-3.903424450144487579e-01,3.933868105078279775e-01,-7.357046123128350157e-01,3.199630287176810639e-01,-8.213875526170641983e-01,3.846632857549807660e-01,-1.841662287082391491e-01,-1.297415575907686636e-01,1.386632176920783895e-02,4.364379400945274101e-01
-2.387017903579331801e-01,-1.587930383692847877e-02,-5.126542137173962788e-01,-6.631544615497772521e-02,-2.941009397360255240e-01,3.890975763954559463e-01,1.675085927597451951e-01,-6.432258372170052141e-01,6.032650445381423920e-02,2.182154822860285157e-02,2.098837343196206240e-01,4.110936293881568560e-01,-2.265815467990863752e-01,-9.620279903889987771e-01,8.571799352632254454e-01,1.137794390946224254e+00,-1.455758941227986436e-01,7.097807079555074061e-01,-3.806007951602276007e-01,2.826413073400163567e-01,-1.883069500535258234e-01,4.209081047986441004e-01,2.498682009398190684e-01,-7.672398401405963186e-01,4.505278784108938672e-01,-2.572169984723708391e-01
-1.437256874583706878e+00,1.557681133291317410e+00,-8.880887010584798125e-01,-5.793501875894264685e-01,-7.142945848065161973e-01,3.023028054194087932e-01,7.002922141598296735e-01,-1.599815078803788593e+00,1.002956976229553605e-02,3.749930425480383911e-01,-1.381371042584101705e+00,5.142643044691446175e-01,-2.993300838561164245e-01,-1.056809524705305536e+00,1.206531488739645219e+00,1.041215959786339740e+00,-5.133988561545952400e-01,6.755250378165087444e-01,4.304401199230520336e-02,1.670160386190278068e-02,-2.802508171986284879e-01,3.706750616108481222e-01,2.864683383613483292e-01,-1.141226397618411603e+00,6.364227126463259943e-01,-5.768573186921474027e-01
3.828650237840638959e-01,4.326381740305632051e-01,-1.362233814324442127e+00,-1.229625767825885729e+00,7.789326090617350040e-01,-6.240644188676536253e-01,-4.368926284817593597e-01,-2.556444210667538353e-02,-3.529904758426759548e-01,-1.141703120318370290e+00,4.347294971699650623e-01,3.137333471348635050e-01,-7.366839058979804573e-03,3.175547998080754941e-01,6.733693903772955958e-01,5.243826962464449570e-01,-7.555778183048189600e-01,-1.136321450927190613e+00,1.562251982124860696e-02,7.300140458584748471e-01,-1.114683760198415641e+00,-4.705077536003346439e-01,-7.337553940226778648e-01,-4.521727377819387828e-01,-6.521556752659315448e-01,-4.797099097489395669e-01
2.302810934353041045e-02,3.080494104387578869e-01,-1.192475111144690736e+00,-1.101794449647165441e+00,6.710859201872860780e-01,5.587589654804424599e-01,-7.559767674307077412e-01,2.914515272691894920e-01,8.888106914413815840e-01,4.899901180393149702e-01,3.909511491719717124e-01,-5.877641526139644190e-01,-4.376507274440002981e-01,-1.569199988308808136e-01,7.384283247962623031e-01,-6.431620610087172007e-01,-8.092981137409913650e-01,-1.061667858768978956e+00,-1.833859716533163195e-02,6.090629889710673650e-01,-1.649323124862204892e+00,-7.530470471812901190e-01,-9.469753879243177908e-01,-5.701313457240779758e-01,-2.889900143458664153e-02,-8.141472607463109412e-01
-5.963859608258972184e-02,4.251761858566355801e-01,4.313802662331342463e-01,-7.288142136208730637e-01,-4.105816574237028393e-01,5.322161076629247090e-01,-6.106586819941961508e-01,4.634424180544504668e-01,5.833006013645110066e-01,-2.805002078749365135e-01,2.327201502612886719e-01,-5.323280911996595144e-01,-6.125393120889673915e-01,-7.084744646627308962e-01,-3.136529475091944241e-01,-1.060743453647009282e+00,-6.209654001669088208e-01,3.047991932023696449e-01,5.639581885646353099e-01,-9.660989849269933094e-01,-1.316238128527636109e+00,-1.979291536884059122e-01,-4.464383664387925887e-01,2.023315443075235365e-01,-5.543917498914033987e-02,-2.836383663559522983e-01
-3.936977834893509720e-02,2.543320374123512195e-01,6.075479153351172057e-01,7.226858449802274487e-02,-1.032847397026686043e+00,-5.546565704589533352e-01,-1.502774707240332741e-01,-4.757530663895481737e-01,-4.052753561162361073e-01,-5.588940874471577391e-01,-5.031912680212262678e-01,2.533806655685067605e-02,-8.253804234598441925e-01,-4.433788186771828177e-01,-9.091875769775047411e-01,-1.115365317578107307e+00,-1.973980687721055838e-01,6.273603496028623550e-01,6.437329422421043112e-01,2.720752867409087505e-01,-8.850378310857675013e-01,1.323685572782793418e-01,-5.545263292054727206e-02,3.813665980523162635e-01,-1.016596819384740086e-01,1.974115005995411842e-01
-7.893679137641124166e-02,-3.577528781643229405e-01,5.972382859880082107e-01,1.597475916944621488e-01,-1.156619404153186537e+00,-9.799065893778242942e-02,-7.617276466515822408e-02,-8.599720003594922835e-01,-2.514552812725620590e-01,-4.955572132234209448e-01,1.803637611547327102e-01,-1.387496131425309254e-01,-8.958058592485477201e-01,-1.535341501801143760e-01,-1.267324831145515196e+00,-1.016727806009775303e+00,-6.367258020300335664e-02,4.395893678980226094e-01,6.222421395689399226e-01,2.138876212592219772e-01,-4.764803226682363668e-01,2.936232649743967804e-01,1.715473950130173009e-01,9.203851986079877867e-02,-3.977996544709075932e-01,2.933892376762021748e-01
-2.749275142838804656e-02,-8.610543594497778175e-01,1.951705445461914545e-01,2.437096793847146059e-02,8.051590924790624770e-01,-2.628869425761195533e-01,-4.310896100684519922e-02,-3.536202744983707458e-01,-2.907010382971566553e-01,-5.899975380694647553e-01,3.820392984675449743e-01,-8.440295239811361483e-02,-6.453672224716409112e-01,4.839315998118528389e-02,-1.769435969489480787e+00,-5.638775216977662819e-01,4.000990351779971921e-02,2.123054940858622452e-01,-3.037880685036211670e-01,1.158461740451721678e-01,-7.937007961712649884e-02,1.707066834515545972e-01,3.298145546468677636e-01,-7.774265682532592592e-02,-4.853257234881737658e-01,1.527522016396477000e-01
4.712513329269835127e-02,-1.002809242350461316e+00,5.412138123104427018e-02,-1.564486971574935992e-01,7.272327259034331304e-01,-3.654482597806791300e-01,-1.027738703561550393e-01,-1.989260835207700417e-01,-3.017579772556445161e-01,-6.242386512515811781e-01,2.766108238565345157e-01,-1.016261983769260885e-01,-5.292845269175130429e-01,-8.822985980533461225e-02,-1.044494965682918552e+00,-1.824917811122566680e-01,-1.181636431044469360e-01,1.282408737122171793e-01,-6.283967203171123561e-01,8.066213437658542595e-02,-1.037778809000018121e-01,3.831419295573064432e-02,2.304269677550110085e-01,-7.205613828548648736e-02,-4.626287704385930732e-01,-1.174921033283613664e-02
-9.380441173592371507e-02,-7.121740097248137058e-01,-1.136353094486046156e-01,-3.003342228865500951e-01,1.775340883053400931e-01,-4.547262199265128535e-01,-3.806171391215564664e-02,1.769854534574533632e-04,-3.849298610893747696e-01,-6.866076304265851249e-01,1.145022648514554264e-01,-2.016538375360968083e-01,-3.985863938627003389e-01,-2.572965696212614062e-01,-2.599482695235763585e-01,2.588155473061828360e-01,-1.896835237938181984e-01,-3.981215751816397780e-02,-6.222588681616612050e-01,2.936554609275572603e-02,-3.598267604871109859e-01,-6.715657666502054812e-02,1.238689656672662537e-01,-1.686912985029835610e-01,-5.229849069074108403e-01,-3.221992707777313752e-02
-5.279678570764532175e-01,-1.738275660152877877e-01,-6.393294955210468977e-01,-3.132107079876569888e-01,-5.275349346397274763e-02,-3.282145901626416507e-01,1.596119672108615717e-01,-3.790816002542549690e-01,-3.616499570539993269e-01,-4.917447764698643087e-01,2.870801985273790380e-01,-5.037357789635633215e-02,-2.907553633094139278e-01,-3.380670148725067881e-01,4.004719793583632059e-01,3.224324732349569400e-01,-4.380913441825863841e-01,1.297286070377872413e-01,-1.464335813223365812e-01,-5.626149648080427945e-02,-3.399905099696884925e-01,5.299917704362844956e-02,1.977841145441793513e-01,-1.601032766747506886e-01,-2.677080927696717794e-01,-1.820387682325200762e-01
-1.806212840449048507e+00,9.987847780566887490e-01,-8.919729328150011183e-01,-7.025411848830317441e-01,-2.489021524135080210e-01,-3.226312229857937197e-01,3.971697430222758118e-01,-9.735658616231650520e-01,-3.529463067659315834e-01,-6.867955040998396932e-02,-1.118598667542677338e+00,8.410115180803336143e-02,-3.126792922264333696e-01,-3.583537301539110320e-01,6.100643501897711207e-01,2.881600933935781206e-01,-6.341650310763676801e-01,1.249877694370371967e-01,2.319113333133765997e-01,-2.904110014752608326e-01,-4.414181622583510101e-01,5.607807743684577878e-02,2.514677985850277131e-01,-5.184944739456947005e-01,9.098725245067959544e-02,-3.971797687068431837e-01
